{
    "train": {
        "correlation": 0.027302496464344236,
        "zero_pred_ratio": 0.29243668720054755,
        "rmse": 1.417762174224393,
        "max_cdf_distance": 0.09270322454208091,
        "area_between_cdfs": 0.15127355090377348
    },
    "validation": {
        "correlation": 0.01000693554318164,
        "zero_pred_ratio": 0.2758384668035592,
        "rmse": 1.3363501773825035,
        "max_cdf_distance": 0.1544908157861808,
        "area_between_cdfs": 0.14283130436709895
    }
}