{
    "train": {
        "correlation": 0.12396804188775148,
        "zero_pred_ratio": 0.7816563997262149,
        "rmse": 1.5698441048200213,
        "max_cdf_distance": 0.5521902806297057,
        "area_between_cdfs": 0.22681691505236012
    },
    "validation": {
        "correlation": 0.026332374618324245,
        "zero_pred_ratio": 0.7802874743326489,
        "rmse": 1.4341378115511325,
        "max_cdf_distance": 0.4887063655030801,
        "area_between_cdfs": 0.21456806351386035
    }
}