{
    "train": {
        "correlation": 0.7137967359742405,
        "zero_pred_ratio": 0.0,
        "rmse": 1.1118137684137552,
        "max_cdf_distance": 0.7621292250354499,
        "area_between_cdfs": 0.5375912933111635
    },
    "validation": {
        "correlation": 0.4981074588754142,
        "zero_pred_ratio": 0.0,
        "rmse": 0.983023320847964,
        "max_cdf_distance": 0.777745724774565,
        "area_between_cdfs": 0.5218903491260738
    }
}