{
    "train": {
        "correlation": 0.21220818454944795,
        "zero_pred_ratio": 0.3459958932238193,
        "rmse": 1.9340100860077827,
        "max_cdf_distance": 0.11652977412731005,
        "area_between_cdfs": 0.18537299116899733
    },
    "validation": {
        "correlation": 0.1949738938867767,
        "zero_pred_ratio": 0.3894592744695414,
        "rmse": 2.3405780125909685,
        "max_cdf_distance": 0.09787816563997265,
        "area_between_cdfs": 0.4326953213128625
    }
}