{
    "train": {
        "correlation": 0.12273819714298562,
        "zero_pred_ratio": 0.28114305270362766,
        "rmse": 1.4605298596911283,
        "max_cdf_distance": 0.11290514107291683,
        "area_between_cdfs": 0.1773019664955479
    },
    "validation": {
        "correlation": 0.12158261467766436,
        "zero_pred_ratio": 0.27652292950034224,
        "rmse": 1.3500542098631727,
        "max_cdf_distance": 0.13617896885537267,
        "area_between_cdfs": 0.1169527613043592
    }
}