{
    "train": {
        "correlation": 0.9901514574599245,
        "zero_pred_ratio": 0.0,
        "rmse": 1.5262544262110807,
        "max_cdf_distance": 0.22946611909650924,
        "area_between_cdfs": 6.510823933150314e-05
    },
    "validation": {
        "correlation": 0.9940247318120604,
        "zero_pred_ratio": 0.0,
        "rmse": 1.5368697496609915,
        "max_cdf_distance": 0.2299794661190965,
        "area_between_cdfs": 0.10205621797162313
    }
}