{
    "train": {
        "correlation": 0.11736500731467837,
        "zero_pred_ratio": 0.33281998631074605,
        "rmse": 1.5499195763138756,
        "max_cdf_distance": 0.10335386721423681,
        "area_between_cdfs": 0.17444505112233208
    },
    "validation": {
        "correlation": 0.09371483326084658,
        "zero_pred_ratio": 0.3134839151266256,
        "rmse": 1.8384903945461712,
        "max_cdf_distance": 0.1505043654540109,
        "area_between_cdfs": 0.3742445500868012
    }
}