{
    "train": {
        "correlation": 0.14304273875999363,
        "zero_pred_ratio": 0.30749486652977415,
        "rmse": 1.9424730150623972,
        "max_cdf_distance": 0.09009247615504534,
        "area_between_cdfs": 0.2163753720454046
    },
    "validation": {
        "correlation": 0.1502042746512089,
        "zero_pred_ratio": 0.33059548254620125,
        "rmse": 2.281669458936284,
        "max_cdf_distance": 0.11173065714477098,
        "area_between_cdfs": 0.46145136766544237
    }
}