{
    "train": {
        "correlation": 0.1605884372620312,
        "zero_pred_ratio": 0.2946611909650924,
        "rmse": 1.6884545658150891,
        "max_cdf_distance": 0.10710322047799647,
        "area_between_cdfs": 0.21618613895375433
    },
    "validation": {
        "correlation": 0.1324201195809071,
        "zero_pred_ratio": 0.25530458590006844,
        "rmse": 1.9775264657152416,
        "max_cdf_distance": 0.16169097281002975,
        "area_between_cdfs": 0.41482255793552664
    }
}