{
    "train": {
        "correlation": 0.1002168775267715,
        "zero_pred_ratio": 0.22313483915126625,
        "rmse": 1.9031202660437603,
        "max_cdf_distance": 0.11409305095041611,
        "area_between_cdfs": 0.24287951233120048
    },
    "validation": {
        "correlation": 0.1064181565969631,
        "zero_pred_ratio": 0.20876112251882273,
        "rmse": 2.1567349103860014,
        "max_cdf_distance": 0.16839646489842924,
        "area_between_cdfs": 0.3670188896795886
    }
}