{
    "train": {
        "correlation": 0.21846710956455606,
        "zero_pred_ratio": 0.42488021902806294,
        "rmse": 1.3653067050680796,
        "max_cdf_distance": 0.1954140999315537,
        "area_between_cdfs": 0.09406161159601248
    },
    "validation": {
        "correlation": 0.1967859101477001,
        "zero_pred_ratio": 0.45790554414784396,
        "rmse": 1.5157159927991355,
        "max_cdf_distance": 0.16632443531827518,
        "area_between_cdfs": 0.19140730427302388
    }
}