{
    "train": {
        "correlation": 0.23418825821235778,
        "zero_pred_ratio": 0.3968172484599589,
        "rmse": 1.3730248169183323,
        "max_cdf_distance": 0.16735112936344967,
        "area_between_cdfs": 0.11299273148934903
    },
    "validation": {
        "correlation": 0.3026919610335418,
        "zero_pred_ratio": 0.36413415468856947,
        "rmse": 1.0134947120602342,
        "max_cdf_distance": 0.13445128236942866,
        "area_between_cdfs": 0.11482938020397411
    }
}