{
    "train": {
        "correlation": 0.08935019039970532,
        "zero_pred_ratio": 0.07255304585900069,
        "rmse": 1.5440002650780054,
        "max_cdf_distance": 0.32869502888443813,
        "area_between_cdfs": 0.24584667115067846
    },
    "validation": {
        "correlation": 0.0375605397398182,
        "zero_pred_ratio": 0.07255304585900069,
        "rmse": 1.4705230673420013,
        "max_cdf_distance": 0.41362276154025707,
        "area_between_cdfs": 0.19631935903125342
    }
}